slug,title,excerpt,cover,author,date,category,tags,body,published,postType,startDate,endDate,occasion,storeSlugs
how-to-use-coupon-codes,How to Use Coupon Codes and Never Miss a Discount,A quick practical guide to finding revealing and applying promo codes so you save on every online order.,,Editorial Team,2026-08-03,software,"guide, savings","## Finding a working code
Start by searching the store on TheSmartFares. We test codes daily and show a success rate on each one.

## Applying at checkout
Paste your code before you pay - the total should drop instantly.",TRUE,post,,,,
best-gifts-for-remote-workers-2026,The Best Gifts for Remote Workers in 2026,Practical software and tool picks that make working from home easier - with verified discounts on each.,,Editorial Team,2026-11-01,software,"gift-guide, remote-work","## Why these picks
Remote workers rely on a handful of tools every day. These are the ones worth gifting - or buying for yourself - while a verified discount is live.

## Our picks
- MergeScreens - a screen recorder for quick async updates.
- ScreenPal - simple recording and editing for tutorials.",TRUE,gift-guide,,,christmas,"mergescreens, screenpal"
black-friday-2026,Black Friday 2026,The biggest discounts of the year across software subscriptions and tools - updated as new codes go live.,,Editorial Team,2026-11-27,software,"sale, software","## What's included
We're tracking verified codes across software and subscriptions for the full Black Friday weekend.

## Stores in this sale
See the participating stores below, each with a verified code.",TRUE,sale-calendar,2026-11-27,2026-11-30,,"mergescreens, screenpal"
