slug,title,excerpt,cover,author,date,occasion,storeSlugs,tags,body,published
best-gifts-for-remote-workers-2026,The Best Gifts for Remote Workers in 2026,Practical software and tool picks that make working from home easier - with verified discounts on each.,,Editorial Team,2026-11-01,christmas,"mergescreens, screenpal","gift-guide, remote-work","## Why these picks
Remote workers rely on a handful of tools every day. These are the ones worth gifting - or buying for yourself - while a verified discount is live.

## Our picks
- MergeScreens - a screen recorder for quick async updates.
- ScreenPal - simple recording and editing for tutorials.

## How to redeem
Open the store page, reveal the code, and apply it at checkout before the offer expires.",TRUE
