slug,title,excerpt,cover,author,date,category,tags,body,published
how-to-find-working-coupon-codes,How to Find Coupon Codes That Actually Work,A practical checklist for finding promo codes that apply at checkout — every time.,,Editorial Team,2026-08-05,software,"guide, savings","## Start with verified sources
Use a coupon site that tests codes and shows a success rate, so you skip the dead ones.

## Try more than one code
Reveal two or three and keep whichever gives the biggest discount at checkout.

## Watch the fine print
Check expiry dates, minimum spend and whether a code stacks with a sale.",TRUE
best-vpn-deals,The Best VPN Deals Right Now,Compare top VPNs and grab the biggest savings on multi-year plans.,,Editorial Team,2026-08-04,vpn,"roundup, vpn","## Why multi-year plans win
VPNs are cheapest on 1–2 year terms — the monthly rate drops sharply.

## What to look for
Speed, a no-logs policy and a money-back guarantee matter more than server count.

## Grab a deal
Check our NordVPN and ExpressVPN pages for the current verified offers.",TRUE
save-on-web-hosting,How to Save on Web Hosting in 2026,New site? Here's how to lock in the lowest hosting price without surprises.,,Editorial Team,2026-08-03,hosting,"guide, hosting","## Longer terms, lower rates
Hosts discount the intro price most on 3-year plans — but note the renewal rate.

## Free extras
Look for a free domain and SSL bundled in.

## Where to start
Compare Bluehost and Hostinger deals on their store pages.",TRUE
student-discounts-guide,The Ultimate Student Discount Guide,"From software to fashion, here's how students can save all year.",,Editorial Team,2026-08-02,education,"guide, students","## Verify your student status
Many brands use a quick .edu or ID check to unlock 10–50% off.

## Stack where allowed
Combine a student code with a seasonal sale for the best price.

## Popular picks
Check Coursera, Udemy and ASOS for current student offers.",TRUE
couponing-mistakes,5 Couponing Mistakes That Cost You Money,Avoid these common slip-ups and never overpay at checkout again.,,Editorial Team,2026-08-01,software,"tips, savings","## 1. Not comparing codes
Always test a couple and keep the biggest discount.

## 2. Ignoring expiry dates
Expired codes waste time — use a site that removes them.

## 3. Missing the cashback
Some offers stack with cashback or rewards.

## 4. Forgetting minimum spend
Add one more item only if it truly saves money.

## 5. Skipping the newsletter code
Many stores give a first-order discount for signing up.",TRUE
