storeSlug,question,answer
notion,How do I use a Notion coupon?,"Click ""Get Code"" or ""Get Deal"" to open Notion, then apply the code or shop the linked offer at checkout to save."
notion,Are these Notion offers verified?,Deals are checked regularly and marked Verified. Codes marked Unconfirmed are user-submitted — always confirm the discount at Notion checkout.
grammarly,How do I use a Grammarly coupon?,"Click ""Get Code"" or ""Get Deal"" to open Grammarly, then apply the code or shop the linked offer at checkout to save."
grammarly,Are these Grammarly offers verified?,Deals are checked regularly and marked Verified. Codes marked Unconfirmed are user-submitted — always confirm the discount at Grammarly checkout.
nordvpn,How do I use a NordVPN coupon?,"Click ""Get Code"" or ""Get Deal"" to open NordVPN, then apply the code or shop the linked offer at checkout to save."
nordvpn,Are these NordVPN offers verified?,Deals are checked regularly and marked Verified. Codes marked Unconfirmed are user-submitted — always confirm the discount at NordVPN checkout.
expressvpn,How do I use a ExpressVPN coupon?,"Click ""Get Code"" or ""Get Deal"" to open ExpressVPN, then apply the code or shop the linked offer at checkout to save."
expressvpn,Are these ExpressVPN offers verified?,Deals are checked regularly and marked Verified. Codes marked Unconfirmed are user-submitted — always confirm the discount at ExpressVPN checkout.
bluehost,How do I use a Bluehost coupon?,"Click ""Get Code"" or ""Get Deal"" to open Bluehost, then apply the code or shop the linked offer at checkout to save."
bluehost,Are these Bluehost offers verified?,Deals are checked regularly and marked Verified. Codes marked Unconfirmed are user-submitted — always confirm the discount at Bluehost checkout.
hostinger,How do I use a Hostinger coupon?,"Click ""Get Code"" or ""Get Deal"" to open Hostinger, then apply the code or shop the linked offer at checkout to save."
hostinger,Are these Hostinger offers verified?,Deals are checked regularly and marked Verified. Codes marked Unconfirmed are user-submitted — always confirm the discount at Hostinger checkout.
coursera,How do I use a Coursera coupon?,"Click ""Get Code"" or ""Get Deal"" to open Coursera, then apply the code or shop the linked offer at checkout to save."
coursera,Are these Coursera offers verified?,Deals are checked regularly and marked Verified. Codes marked Unconfirmed are user-submitted — always confirm the discount at Coursera checkout.
udemy,How do I use a Udemy coupon?,"Click ""Get Code"" or ""Get Deal"" to open Udemy, then apply the code or shop the linked offer at checkout to save."
udemy,Are these Udemy offers verified?,Deals are checked regularly and marked Verified. Codes marked Unconfirmed are user-submitted — always confirm the discount at Udemy checkout.
asos,How do I use a ASOS coupon?,"Click ""Get Code"" or ""Get Deal"" to open ASOS, then apply the code or shop the linked offer at checkout to save."
asos,Are these ASOS offers verified?,Deals are checked regularly and marked Verified. Codes marked Unconfirmed are user-submitted — always confirm the discount at ASOS checkout.
nike,How do I use a Nike coupon?,"Click ""Get Code"" or ""Get Deal"" to open Nike, then apply the code or shop the linked offer at checkout to save."
nike,Are these Nike offers verified?,Deals are checked regularly and marked Verified. Codes marked Unconfirmed are user-submitted — always confirm the discount at Nike checkout.
myprotein,How do I use a Myprotein coupon?,"Click ""Get Code"" or ""Get Deal"" to open Myprotein, then apply the code or shop the linked offer at checkout to save."
myprotein,Are these Myprotein offers verified?,Deals are checked regularly and marked Verified. Codes marked Unconfirmed are user-submitted — always confirm the discount at Myprotein checkout.
sephora,How do I use a Sephora coupon?,"Click ""Get Code"" or ""Get Deal"" to open Sephora, then apply the code or shop the linked offer at checkout to save."
sephora,Are these Sephora offers verified?,Deals are checked regularly and marked Verified. Codes marked Unconfirmed are user-submitted — always confirm the discount at Sephora checkout.
